page,claim_text,claim_strength,study_type,source_doi,practice_studied,is_MoM,theme,null_or_critical,bidmc,reviewer_signoff
/mom-meditation-microsite/research/a-randomised-active-controlled-trial-to-examine-the-effects-of-an-onli/,"The aim of this study was to test this claim by investigating the effects of an online mindfulness intervention on executive function, critical thinking skills and associated thinking dispositions.",Randomized-trial evidence,RCT,10.1186/s40359-018-0226-3,mindfulness / meditation,N,Brief & App-Based Practice,,N,
/mom-meditation-microsite/research/a-randomised-active-controlled-trial-to-examine-the-effects-of-an-onli/,"However, no significant effects of group allocation were observed for either primary or secondary measures.",Randomized-trial evidence,RCT,10.1186/s40359-018-0226-3,mindfulness / meditation,N,Brief & App-Based Practice,,N,
/mom-meditation-microsite/research/a-randomised-active-controlled-trial-to-examine-the-effects-of-an-onli/,No evidence was found to suggest that engaging in guided mindfulness practice for 6 weeks using the online intervention method applied in this study improves critical thinking performance.,Randomized-trial evidence,RCT,10.1186/s40359-018-0226-3,mindfulness / meditation,N,Brief & App-Based Practice,,N,
/mom-meditation-microsite/research/a-randomised-controlled-trial-of-a-brief-online-mindfulness-based-inte/,There is growing evidence that mindfulness has positive consequences for both psychological and physical health in both clinical and non-clinical populations.,Randomized-trial evidence,RCT,10.1016/j.brat.2013.06.003,mindfulness / meditation,N,Brief & App-Based Practice,,N,
/mom-meditation-microsite/research/a-randomised-controlled-trial-of-a-brief-online-mindfulness-based-inte/,"Participation in the intervention was associated with significant improvements in all measured domains, where no significant changes on these measures were found for the control group.",Randomized-trial evidence,RCT,10.1016/j.brat.2013.06.003,mindfulness / meditation,N,Brief & App-Based Practice,,N,
/mom-meditation-microsite/research/a-randomised-controlled-trial-of-a-brief-online-mindfulness-based-inte/,This provides evidence in support of the feasibility and effectiveness of shorter self-guided mindfulness-based interventions.,Randomized-trial evidence,RCT,10.1016/j.brat.2013.06.003,mindfulness / meditation,N,Brief & App-Based Practice,,N,
/mom-meditation-microsite/research/a-randomized-controlled-trial-of-kundalini-yoga-in-mild-cognitive-impa/,"At baseline, 81 participants had no significant baseline group differences in clinical or demographic characteristics.",Randomized-trial evidence,RCT,10.1017/S1041610216002155,yoga,N,Focus & Attention,,N,
/mom-meditation-microsite/research/a-randomized-controlled-trial-of-mindfulness-meditation-for-chronic-in/,"Post hoc analyses revealed that each intervention was superior to SM on each of the patient-reported measures, but no significant differences were found when comparing MBSR to MBTI from baseline-to-post.",Randomized-trial evidence,RCT,10.5665/sleep.4010,Mindfulness-Based Stress Reduction (MBSR),N,Sleep,,N,
/mom-meditation-microsite/research/a-randomized-controlled-trial-of-mindfulness-meditation-for-chronic-in/,Mindfulness meditation appears to be a viable treatment option for adults with chronic insomnia and could provide an alternative to traditional treatments for insomnia.,Randomized-trial evidence,RCT,10.5665/sleep.4010,Mindfulness-Based Stress Reduction (MBSR),N,Sleep,,N,
/mom-meditation-microsite/research/a-structured-literature-review-on-the-role-of-mindfulness-mindful-eati/,There is a lack of compelling evidence for the effectiveness of mindfulness and mindful eating in weight management.,Mechanistic / observational evidence,Cross-sectional / Mechanistic,10.1017/S0954422417000154,mindfulness / meditation,N,Stress & Anxiety,,N,
/mom-meditation-microsite/research/a-structured-literature-review-on-the-role-of-mindfulness-mindful-eati/,The evidence base for intuitive eating is limited to date and further research is needed to examine its potential in altering eating behaviours.,Mechanistic / observational evidence,Cross-sectional / Mechanistic,10.1017/S0954422417000154,mindfulness / meditation,N,Stress & Anxiety,,N,
/mom-meditation-microsite/research/a-structured-literature-review-on-the-role-of-mindfulness-mindful-eati/,"Mindfulness appears to work by an increased awareness of internal, rather than external, cues to eat.",Mechanistic / observational evidence,Cross-sectional / Mechanistic,10.1017/S0954422417000154,mindfulness / meditation,N,Stress & Anxiety,,N,
/mom-meditation-microsite/research/a-systematic-review-and-meta-analysis-of-acceptance-and-mindfulness-ba/,This meta-analysis systematically reviewed the evidence on standardized acceptance-/mindfulness-based interventions in DSM-5 anxiety disorders.,Meta-analytic evidence,Meta-analysis / Systematic review,10.1038/s41598-021-99882-w,Mindfulness-Based Stress Reduction (MBSR),N,Emotional Wellbeing,null/mixed (F12-verified),N,
/mom-meditation-microsite/research/a-systematic-review-and-meta-analysis-of-acceptance-and-mindfulness-ba/,"We found 23 studies, mostly of unclear risk of bias, including 1815 adults with different DSM-5 anxiety disorders.",Meta-analytic evidence,Meta-analysis / Systematic review,10.1038/s41598-021-99882-w,Mindfulness-Based Stress Reduction (MBSR),N,Emotional Wellbeing,null/mixed (F12-verified),N,
/mom-meditation-microsite/research/a-systematic-review-and-meta-analysis-of-acceptance-and-mindfulness-ba/,The evidence suggests short-term anxiolytic effects of acceptance- and mindfulness-based interventions.,Meta-analytic evidence,Meta-analysis / Systematic review,10.1038/s41598-021-99882-w,Mindfulness-Based Stress Reduction (MBSR),N,Emotional Wellbeing,null/mixed (F12-verified),N,
/mom-meditation-microsite/research/a-systematic-review-and-meta-analysis-of-workplace-mindfulness-trainin/,"It synthesizes randomized controlled trial evidence from workplace-delivered training for changes in mindfulness, stress, mental health, well-being, and work performance outcomes.",Meta-analytic evidence,Meta-analysis / Systematic review,10.1037/ocp0000146,mindfulness / meditation,N,Sleep,null/mixed (F12-verified),N,
/mom-meditation-microsite/research/a-systematic-review-and-meta-analysis-of-workplace-mindfulness-trainin/,"Results indicate beneficial effects following training for mindfulness (g = 0.45, p < .001) and stress (g = 0.56, p < .001), anxiety (g = 0.62, p < .001) and psychological distress (g = 0.69, p < .001), and for well-being (g = 0.46, p = .002) and sleep (g = 0.26, p = .003).",Meta-analytic evidence,Meta-analysis / Systematic review,10.1037/ocp0000146,mindfulness / meditation,N,Sleep,null/mixed (F12-verified),N,
/mom-meditation-microsite/research/a-systematic-review-and-meta-analysis-of-workplace-mindfulness-trainin/,"No conclusions could be drawn from pooled data for burnout due to ambivalence in results, for depression due to publication bias, or for work performance due to insufficient data.",Meta-analytic evidence,Meta-analysis / Systematic review,10.1037/ocp0000146,mindfulness / meditation,N,Sleep,null/mixed (F12-verified),N,
/mom-meditation-microsite/research/a-systematic-review-of-the-neurophysiology-of-mindfulness-on-eeg-oscil/,"The systematic review revealed that mindfulness was most commonly associated with enhanced alpha and theta power as compared to an eyes closed resting state, although such outcomes were not uniformly reported.",Meta-analytic evidence,Meta-analysis / Systematic review,10.1016/j.neubiorev.2015.09.018,mindfulness / meditation,N,Brain & Mechanisms,,N,
/mom-meditation-microsite/research/a-systematic-review-of-the-neurophysiology-of-mindfulness-on-eeg-oscil/,"In summary, mindfulness is associated with increased alpha and theta power in both healthy individuals and in patient groups.",Meta-analytic evidence,Meta-analysis / Systematic review,10.1016/j.neubiorev.2015.09.018,mindfulness / meditation,N,Brain & Mechanisms,,N,
/mom-meditation-microsite/research/acceptance-and-commitment-therapy-and-yoga-for-drug-refractory-epileps/,The results indicate that both ACT and yoga significantly reduce seizure index and increase quality of life over time.,Randomized-trial evidence,RCT,10.1016/j.yebeh.2008.02.009,yoga,N,Brain & Mechanisms,,N,
/mom-meditation-microsite/research/acceptance-and-commitment-therapy-and-yoga-for-drug-refractory-epileps/,"The results of this study suggest that complementary treatments, such as ACT and yoga, decrease seizure index and increase quality of life.",Randomized-trial evidence,RCT,10.1016/j.yebeh.2008.02.009,yoga,N,Brain & Mechanisms,,N,
/mom-meditation-microsite/research/benefits-of-preparing-for-childbirth-with-mindfulness-training-a-rando/,"Mindfulness approaches, now widely disseminated, can alleviate symptoms of both chronic and acute pain and improve psychological adjustment, suggesting potential benefit when applied to childbirth education.",Randomized-trial evidence,RCT,10.1186/s12884-017-1319-3,mindfulness / meditation,N,Stress & Anxiety,,N,
/mom-meditation-microsite/research/benefits-of-preparing-for-childbirth-with-mindfulness-training-a-rando/,"This study suggests mindfulness training carefully tailored to address fear and pain of childbirth may lead to important maternal mental health benefits, including improvements in childbirth-related appraisals ﻿and﻿ the prevention of postpartum depression symptoms.",Randomized-trial evidence,RCT,10.1186/s12884-017-1319-3,mindfulness / meditation,N,Stress & Anxiety,,N,
/mom-meditation-microsite/research/benefits-of-preparing-for-childbirth-with-mindfulness-training-a-rando/,There is also some indication that MIL participants may use mindfulness coping in lieu of systemic opioid pain medication.,Randomized-trial evidence,RCT,10.1186/s12884-017-1319-3,mindfulness / meditation,N,Stress & Anxiety,,N,
/mom-meditation-microsite/research/breathing-practices-for-stress-and-anxiety-reduction-conceptual-framew/,Components of effective and ineffective interventions were evaluated to develop a conceptual framework of factors associated with stress/anxiety reduction effectiveness.,Meta-analytic evidence,Meta-analysis / Systematic review,10.3390/brainsci13121612,breath-and-attention meditation,adjacent,Stress & Anxiety,,N,
/mom-meditation-microsite/research/breathing-practices-for-stress-and-anxiety-reduction-conceptual-framew/,"Population, other breath paces, session duration ≥5 min, and group versus individual or at-home practices were not associated with effectiveness.",Meta-analytic evidence,Meta-analysis / Systematic review,10.3390/brainsci13121612,breath-and-attention meditation,adjacent,Stress & Anxiety,,N,
/mom-meditation-microsite/research/breathing-practices-for-stress-and-anxiety-reduction-conceptual-framew/,Following this evidence-based framework can help maximize the stress/anxiety reduction benefits of breathing practices.,Meta-analytic evidence,Meta-analysis / Systematic review,10.3390/brainsci13121612,breath-and-attention meditation,adjacent,Stress & Anxiety,,N,
/mom-meditation-microsite/research/brief-daily-meditation-enhances-attention-memory-mood-and-emotional-re/,"Compared to our control group, we found that 8 but not 4 weeks of brief, daily meditation decreased negative mood state and enhanced attention, working memory, and recognition memory as well as decreased state anxiety scores on the TSST.",Randomized-trial evidence,RCT,10.1016/j.bbr.2018.08.023,mindfulness / meditation,N,Focus & Attention,,N,
/mom-meditation-microsite/research/brief-daily-meditation-enhances-attention-memory-mood-and-emotional-re/,"This study not only suggests a lower limit for the duration of brief daily meditation needed to see significant benefits in non-experienced meditators, but suggests that even relatively short daily meditation practice can have similar behavioral effects as longer duration and higher-intensity mediation practices.",Randomized-trial evidence,RCT,10.1016/j.bbr.2018.08.023,mindfulness / meditation,N,Focus & Attention,,N,
/mom-meditation-microsite/research/brief-mindfulness-based-training-and-mindfulness-trait-attenuate-psych/,"We found that High Trait individuals have lower anxiety trait, anxiety state and perceived stress levels.",Randomized-trial evidence,RCT,10.1186/s40359-021-00520-x,yoga,N,Stress & Anxiety,,N,
/mom-meditation-microsite/research/brief-mindfulness-based-training-and-mindfulness-trait-attenuate-psych/,"Both groups reduced negative affect and cortisol, and no change was found in positive affect.",Randomized-trial evidence,RCT,10.1186/s40359-021-00520-x,yoga,N,Stress & Anxiety,,N,
/mom-meditation-microsite/research/brief-mindfulness-based-training-and-mindfulness-trait-attenuate-psych/,"Together, these results suggest that higher trait mindfulness is associated with low levels of psychological distress and that a brief mindfulness-based intervention seems to be useful to reduce distress measures in university students.",Randomized-trial evidence,RCT,10.1186/s40359-021-00520-x,yoga,N,Stress & Anxiety,,N,
/mom-meditation-microsite/research/brief-mindfulness-training-for-negative-affectivity-a-systematic-revie/,No significant effect size differences were found between clinical and nonclinical samples.,Meta-analytic evidence,Meta-analysis / Systematic review,10.1037/ccp0000324,mindfulness / meditation,N,Brief & App-Based Practice,,N,
/mom-meditation-microsite/research/brief-mindfulness-training-for-negative-affectivity-a-systematic-revie/,This meta-analysis indicates that brief mindfulness training modestly reduces negative affectivity.,Meta-analytic evidence,Meta-analysis / Systematic review,10.1037/ccp0000324,mindfulness / meditation,N,Brief & App-Based Practice,,N,
/mom-meditation-microsite/research/brief-mindfulness-training-for-negative-affectivity-a-systematic-revie/,"Quantitative analyses indicated the presence of publication bias (i.e., unpublished null effect studies), highlighting the need to continue rigorous evaluation of brief mindfulness interventions.",Meta-analytic evidence,Meta-analysis / Systematic review,10.1037/ccp0000324,mindfulness / meditation,N,Brief & App-Based Practice,,N,
/mom-meditation-microsite/research/changes-in-neural-connectivity-and-memory-following-a-yoga-interventio/,No study has explored the effect of yoga on cognitive decline and resting-state functional connectivity.,Randomized-trial evidence,RCT,10.3233/JAD-150653,yoga,N,Brain & Mechanisms,,N,
/mom-meditation-microsite/research/changes-in-neural-connectivity-and-memory-following-a-yoga-interventio/,This study explored the relationship between performance on memory tests and resting-state functional connectivity before and after a yoga intervention versus active control for subjects with mild cognitive impairment (MCI).,Randomized-trial evidence,RCT,10.3233/JAD-150653,yoga,N,Brain & Mechanisms,,N,
/mom-meditation-microsite/research/cognitive-and-immunological-effects-of-yoga-compared-to-memory-trainin/,"KYOn a transcriptional level, at 12- and 24-week follow-up, KY uniquely altered aging-associated signatures, including interferon gamma and other psycho-neuro-immune pathways.",Randomized-trial evidence,RCT,10.1038/s41398-024-02807-0,yoga,N,Focus & Attention,,N,
/mom-meditation-microsite/research/cognitive-and-immunological-effects-of-yoga-compared-to-memory-trainin/,"These results suggest clinical and biological benefits to KY for SCD, linking changes in cognition to the anti-inflammatory effects of yoga.",Randomized-trial evidence,RCT,10.1038/s41398-024-02807-0,yoga,N,Focus & Attention,,N,
/mom-meditation-microsite/research/conceptual-and-methodological-issues-in-research-on-mindfulness-and-me/,"Both basic science and clinical research on mindfulness, meditation, and related constructs have dramatically increased in recent years.",Meta-analytic evidence,Meta-analysis / Systematic review,10.1037/a0039512,mindfulness / meditation,N,Emotional Wellbeing,field-methodology critique,N,
/mom-meditation-microsite/research/conceptual-and-methodological-issues-in-research-on-mindfulness-and-me/,"However, interpretation of these research results has been challenging.",Meta-analytic evidence,Meta-analysis / Systematic review,10.1037/a0039512,mindfulness / meditation,N,Emotional Wellbeing,field-methodology critique,N,
/mom-meditation-microsite/research/cultivating-mindfulness-effects-on-well-being/,"The current study offers preliminary evidence that at least one aspect of mindfulness, measured by the Mindful Attention and Awareness Scale (MAAS; K.",Randomized-trial evidence,RCT,10.1002/jclp.20491,Mindfulness-Based Stress Reduction (MBSR),N,Stress & Anxiety,,N,
/mom-meditation-microsite/research/cultivating-mindfulness-effects-on-well-being/,"These results suggest that distinct meditation-based practices can increase mindfulness as measured by the MAAS, which may partly mediate benefits.",Randomized-trial evidence,RCT,10.1002/jclp.20491,Mindfulness-Based Stress Reduction (MBSR),N,Stress & Anxiety,,N,
/mom-meditation-microsite/research/does-mindfulness-based-stress-reduction-training-have-an-impact-on-the/,"In an effort to combat burnout, a study investigates Mindfulness-Based Stress Reduction (MBSR) training for nurses.",Randomized-trial evidence,RCT,10.1007/s00420-024-02078-8,Mindfulness-Based Stress Reduction (MBSR),N,Emotional Wellbeing,,N,
/mom-meditation-microsite/research/does-mindfulness-based-stress-reduction-training-have-an-impact-on-the/,"The goal is to reduce stress and improve job satisfaction, ultimately enhancing patient care.",Randomized-trial evidence,RCT,10.1007/s00420-024-02078-8,Mindfulness-Based Stress Reduction (MBSR),N,Emotional Wellbeing,,N,
/mom-meditation-microsite/research/eeg-based-interpretation-of-human-brain-activity-during-yoga-and-medit/,Our literature search and review indicate a broad spectrum of neural mechanics under a variety of meditation styles have been investigated.,Meta-analytic evidence,Meta-analysis / Systematic review,10.1016/j.ctcp.2021.101329,yoga,N,Brief & App-Based Practice,,N,
/mom-meditation-microsite/research/effect-of-a-single-session-of-yoga-and-meditation-on-stress-reactivity/,This systematic review synthesises the evidence for the effectiveness of a single session of yoga or its components including meditation and breathing techniques in reducing acute stress reactivity in healthy adults.,Meta-analytic evidence,Meta-analysis / Systematic review,10.1002/smi.3324,yoga,adjacent,Brief & App-Based Practice,,N,
/mom-meditation-microsite/research/effect-of-mindfulness-yoga-on-anxiety-and-depression-in-early-breast-c/,"The objective of this study is to explore the effects of a mindfulness yoga treatment on emotional disorders, fatigue, pain, and health-related quality of life in early-stage breast cancer patients.",Randomized-trial evidence,RCT,10.1007/s00432-022-04167-y,yoga,N,Clinical Research,,N,
/mom-meditation-microsite/research/effect-of-mindfulness-yoga-on-anxiety-and-depression-in-early-breast-c/,The eligible 136 participants were randomly assigned 1:1 to the experimental group (mindfulness yoga + conventional care) and the control group (conventional care).,Randomized-trial evidence,RCT,10.1007/s00432-022-04167-y,yoga,N,Clinical Research,,N,
/mom-meditation-microsite/research/effectiveness-of-online-mindfulness-interventions-on-medical-students-/,The evidence found in the systematic review exhibits the potential for online mindfulness interventions to be effective in addressing some mental health challenges of medical students.,Meta-analytic evidence,Meta-analysis / Systematic review,10.1186/s12889-021-12341-z,mindfulness / meditation,N,Brief & App-Based Practice,,N,
/mom-meditation-microsite/research/effectiveness-of-online-mindfulness-interventions-on-medical-students-/,"There was insufficient evidence to support the use of online mindfulness interventions for burnout, depression, and anxiety.",Meta-analytic evidence,Meta-analysis / Systematic review,10.1186/s12889-021-12341-z,mindfulness / meditation,N,Brief & App-Based Practice,,N,
/mom-meditation-microsite/research/effectiveness-of-online-mindfulness-interventions-on-medical-students-/,Longitudinal studies with randomised controlled trials are required to generate stronger and robust evidence.,Meta-analytic evidence,Meta-analysis / Systematic review,10.1186/s12889-021-12341-z,mindfulness / meditation,N,Brief & App-Based Practice,,N,
/mom-meditation-microsite/research/effectiveness-of-yoga-in-modulating-markers-of-immunity-and-inflammati/,Chronic inflammation is central to the pathogenesis of many chronic inflammatory conditions.,Mechanistic / observational evidence,Cross-sectional / Mechanistic,10.7759/cureus.57541,yoga,adjacent,Brain & Mechanisms,,N,
/mom-meditation-microsite/research/effectiveness-of-yoga-in-modulating-markers-of-immunity-and-inflammati/,"This review aims to analyze whether the practice of yoga, or yogic meditation and breathing, has any effect on the levels of inflammatory cytokines and other inflammatory markers in patients with various chronic inflammatory diseases such as rheumatoid arthritis, neoplastic disorders, and asthma, as well as in healthy subjects, compared to usual care or sham interventions.",Mechanistic / observational evidence,Cross-sectional / Mechanistic,10.7759/cureus.57541,yoga,adjacent,Brain & Mechanisms,,N,
/mom-meditation-microsite/research/effects-of-a-prenatal-mindfulness-program-on-longitudinal-changes-in-s/,"Despite this, there was no significant difference between the groups in terms of the quality of mother-infant bonding.",Randomized-trial evidence,RCT,10.1186/s12884-023-05873-2,mindfulness / meditation,N,Stress & Anxiety,null/mixed (F12-verified),N,
/mom-meditation-microsite/research/effects-of-breathing-exercises-in-patients-with-chronic-obstructive-pu/,A network meta-analysis of randomized controlled trials (RCTs) was conducted to compare and rank the effectiveness of various breathing exercises for patients with chronic obstructive pulmonary disease (COPD).,Meta-analytic evidence,Meta-analysis / Systematic review,10.1016/j.apmr.2023.04.014,yoga,adjacent,Clinical Research,,N,
/mom-meditation-microsite/research/effects-of-breathing-exercises-in-patients-with-chronic-obstructive-pu/,"We searched PubMed, Web of Science, Embase, and the Cochrane Library databases to determine the articles.",Meta-analytic evidence,Meta-analysis / Systematic review,10.1016/j.apmr.2023.04.014,yoga,adjacent,Clinical Research,,N,
/mom-meditation-microsite/research/effects-of-mind-body-exercise-on-perimenopausal-and-postmenopausal-wom/,"Traditional meta-analysis indicated that mind-body exercise significantly enhanced bone mineral density in perimenopausal and postmenopausal women compared with control groups, with a standardized mean difference (SMD) of 0.41 (95% CI, 0.17 to 0.66; P = 0.001, I2 = 7%).",Meta-analytic evidence,Meta-analysis / Systematic review,10.1097/GME.0000000000002336,Tai Chi,N,Sleep,,N,
/mom-meditation-microsite/research/effects-of-mindfulness-training-and-exercise-on-cognitive-function-in-/,The 2 primary outcomes were composites of episodic memory and executive function (standardized to a mean [SD] of 0 [1]; higher composite scores indicate better cognitive performance) from neuropsychological testing; the primary end point was 6 months and the secondary end point was 18 months.,Randomized-trial evidence,RCT,10.1001/jama.2022.21680,Mindfulness-Based Stress Reduction (MBSR),N,Focus & Attention,,N,
/mom-meditation-microsite/research/effects-of-mindfulness-training-and-exercise-on-cognitive-function-in-/,"At 6 months, there was no significant effect of mindfulness training or exercise on episodic memory (MBSR vs no MBSR: 0.44 vs 0.48; mean difference, -0.04 points [95% CI, -0.15 to 0.07]; P = .50; exercise vs no exercise: 0.49 vs 0.42; difference, 0.07 [95% CI, -0.04 to 0.17]; P = .23) or executive function (MBSR vs no MBSR: 0.39 vs 0.31; mean difference, 0.08 points [95% CI, -0.02 to 0.19]; P = .1",Randomized-trial evidence,RCT,10.1001/jama.2022.21680,Mindfulness-Based Stress Reduction (MBSR),N,Focus & Attention,,N,
/mom-meditation-microsite/research/effects-of-mindfulness-training-and-exercise-on-cognitive-function-in-/,There was no significant interaction between mindfulness training and exercise (P = .93 for memory and P = .29 for executive function) at 6 months.,Randomized-trial evidence,RCT,10.1001/jama.2022.21680,Mindfulness-Based Stress Reduction (MBSR),N,Focus & Attention,,N,
/mom-meditation-microsite/research/effects-of-mindfulness-yoga-vs-stretching-and-resistance-training-exer/,"Among patients with mild-to-moderate PD, the mindfulness yoga program was found to be as effective as SRTE in improving motor dysfunction and mobility, with the additional benefits of a reduction in anxiety and depressive symptoms and an increase in spiritual well-being and HRQOL.",Randomized-trial evidence,RCT,10.1001/jamaneurol.2019.0534,yoga,N,Emotional Wellbeing,,N,
/mom-meditation-microsite/research/effects-of-mobile-mindfulness-meditation-on-the-mental-health-of-unive/,The evidence level of the results from the 10 studies was determined to be moderate to low.,Meta-analytic evidence,Meta-analysis / Systematic review,10.2196/39128,mindfulness / meditation,N,Brief & App-Based Practice,,N,
/mom-meditation-microsite/research/effects-of-yoga-in-men-with-prostate-cancer-on-quality-of-life-and-imm/,"Diagnosis and treatment of prostate cancer is associated with anxiety, fear, and depression in up to one-third of men.",Randomized-trial evidence,RCT,10.1038/s41391-021-00470-w,yoga,N,Brain & Mechanisms,,N,
/mom-meditation-microsite/research/effects-of-yoga-in-men-with-prostate-cancer-on-quality-of-life-and-imm/,"Yoga improves health-related quality of life (QoL) in patients with several types of cancer, but evidence of its efficacy in enhancing QoL is lacking in prostate cancer.",Randomized-trial evidence,RCT,10.1038/s41391-021-00470-w,yoga,N,Brain & Mechanisms,,N,
/mom-meditation-microsite/research/effects-of-yoga-in-men-with-prostate-cancer-on-quality-of-life-and-imm/,"The yoga group also showed decreased numbers of regulatory T-cells, myeloid-derived suppressor cells, indicating antitumor activity, and reduction in inflammatory cytokine levels (granulocyte colony-stimulating factor [0.55 (0.05-1.05), p = 0.03], monocyte chemoattractant protein [0.22 (0.01-0.43), p = 0.04], and FMS-like tyrosine kinase-3 ligand [0.91 (-0.01, 1.82), p = 0.053].",Randomized-trial evidence,RCT,10.1038/s41391-021-00470-w,yoga,N,Brain & Mechanisms,,N,
/mom-meditation-microsite/research/effects-of-yoga-on-the-autonomic-nervous-system-gamma-aminobutyric-aci/,"A theory is proposed to explain the benefits of yoga practices in diverse, frequently comorbid medical conditions based on the concept that yoga practices reduce allostatic load in stress response systems such that optimal homeostasis is restored.",Mechanistic / observational evidence,Cross-sectional / Mechanistic,10.1016/j.mehy.2012.01.021,yoga,N,Brain & Mechanisms,,N,
/mom-meditation-microsite/research/effects-of-yoga-on-the-autonomic-nervous-system-gamma-aminobutyric-aci/,"It is hypothesized that stress induces (1) imbalance of the autonomic nervous system (ANS) with decreased parasympathetic nervous system (PNS) and increased sympathetic nervous system (SNS) activity, (2) underactivity of the gamma amino-butyric acid (GABA) system, the primary inhibitory neurotransmitter system, and (3) increased allostatic load.",Mechanistic / observational evidence,Cross-sectional / Mechanistic,10.1016/j.mehy.2012.01.021,yoga,N,Brain & Mechanisms,,N,
/mom-meditation-microsite/research/effects-of-yoga-versus-walking-on-mood-anxiety-and-brain-gaba-levels-a/,The 12-week yoga intervention was associated with greater improvements in mood and anxiety than a metabolically matched walking exercise.,Randomized-trial evidence,RCT,10.1089/acm.2010.0007,yoga,N,Brain & Mechanisms,,N,
/mom-meditation-microsite/research/effects-of-yoga-versus-walking-on-mood-anxiety-and-brain-gaba-levels-a/,This is the first study to demonstrate that increased thalamic GABA levels are associated with improved mood and decreased anxiety.,Randomized-trial evidence,RCT,10.1089/acm.2010.0007,yoga,N,Brain & Mechanisms,,N,
/mom-meditation-microsite/research/effects-of-yoga-versus-walking-on-mood-anxiety-and-brain-gaba-levels-a/,"It is also the first time that a behavioral intervention (i.e., yoga postures) has been associated with a positive correlation between acute increases in thalamic GABA levels and improvements in mood and anxiety scales.",Randomized-trial evidence,RCT,10.1089/acm.2010.0007,yoga,N,Brain & Mechanisms,,N,
/mom-meditation-microsite/research/efficacy-of-mhealth-aided-12-week-meditation-and-breath-intervention-o/,"The experimental group ( After 12 weeks, the MBI outcomes of emotional exhaustion, depersonalization, and personal accomplishment showed a highly significant difference between the two groups ( The current study contributes to the existing evidence on the effectiveness of Yoga in managing stress and developing resilience among doctors, nurses, and other medical professionals.",Randomized-trial evidence,RCT,10.3389/fpubh.2023.1258330,yoga,adjacent,Emotional Wellbeing,,N,
/mom-meditation-microsite/research/efficacy-of-the-mindfulness-meditation-mobile-app-calm-to-reduce-stres/,"Bonferroni posthoc tests showed significant within-group mean differences for perceived stress in the intervention group (P<.001), while there were no significant within-group mean differences in the control group (all P>.19).",Randomized-trial evidence,RCT,10.2196/14273,mindfulness / meditation,N,Sleep,,N,
/mom-meditation-microsite/research/efficacy-of-the-mindfulness-meditation-mobile-app-calm-to-reduce-stres/,Similar results were found for mindfulness and self-compassion.,Randomized-trial evidence,RCT,10.2196/14273,mindfulness / meditation,N,Sleep,,N,
/mom-meditation-microsite/research/efficacy-of-the-mindfulness-meditation-mobile-app-calm-to-reduce-stres/,"A significant group×time interaction in models of sleep disturbance was found, but no significant effects were found for other health behaviors.",Randomized-trial evidence,RCT,10.2196/14273,mindfulness / meditation,N,Sleep,,N,
/mom-meditation-microsite/research/guided-self-help-works-randomized-waitlist-controlled-trial-of-pacific/,We found significant interactions between time and group.,Randomized-trial evidence,RCT,10.2196/12556,mindfulness / meditation,N,Brief & App-Based Practice,,N,
/mom-meditation-microsite/research/guided-self-help-works-randomized-waitlist-controlled-trial-of-pacific/,"In addition, we found that participants who reported concomitantly taking psychiatric medications during the trial benefitted less from the app, as measured by the symptoms of anxiety and stress.",Randomized-trial evidence,RCT,10.2196/12556,mindfulness / meditation,N,Brief & App-Based Practice,,N,
/mom-meditation-microsite/research/guided-self-help-works-randomized-waitlist-controlled-trial-of-pacific/,"This study provides evidence that Pacifica, a popular commercially available self-help app, is effective in reducing self-reported symptoms of depression, anxiety, and stress, particularly among individuals who utilize thought records and are not taking psychiatric medication.",Randomized-trial evidence,RCT,10.2196/12556,mindfulness / meditation,N,Brief & App-Based Practice,,N,
/mom-meditation-microsite/research/health-care-workers-need-for-headspace-findings-from-a-multisite-defin/,"Intention-to-treat analyses found that Headspace led to greater reductions in stress over time than Moodzone (b=-0.31, 95% CI -0.47 to -0.14; P<.001), with small effects.",Randomized-trial evidence,RCT,10.2196/31744,mindfulness / meditation,N,Brief & App-Based Practice,,N,
/mom-meditation-microsite/research/health-care-workers-need-for-headspace-findings-from-a-multisite-defin/,"Small effects of Headspace versus Moodzone were found for depression (b=-0.24, 95% CI -0.40 to -0.08; P=.003), anxiety (b=-0.19, 95% CI -0.32 to -0.06; P=.004), well-being (b=0.14, 95% CI 0.05-0.23; P=.002), mindfulness (b=0.22, 95% CI 0.09-0.34; P=.001), self-compassion (b=0.48, 95% CI 0.33-0.64; P<.001), compassion for others (b=0.02, 95% CI 0.00-0.04; P=.04), and worry (b=-0.30, 95% CI -0.51 to",Randomized-trial evidence,RCT,10.2196/31744,mindfulness / meditation,N,Brief & App-Based Practice,,N,
/mom-meditation-microsite/research/health-care-workers-need-for-headspace-findings-from-a-multisite-defin/,"Per-protocol effects of Headspace (454/1095, 41.46%) versus Moodzone (283/1087, 26.03%) over time were found for stress, self-compassion, and compassion for others but not for the other outcomes.",Randomized-trial evidence,RCT,10.2196/31744,mindfulness / meditation,N,Brief & App-Based Practice,,N,
/mom-meditation-microsite/research/holistic-nursing-in-practice-mindfulness-based-yoga-as-an-intervention/,"Effects of a mindfulness-based (MB) yoga practice on stress, burnout, and indicators of well-being among nurses and health care professionals (HCPs).",Randomized-trial evidence,RCT,10.1177/0898010120921587,yoga,N,Sleep,,N,
/mom-meditation-microsite/research/impact-of-mindfulness-based-stress-reduction-training-on-intrinsic-bra/,Significant MBSR-related differences in functional connectivity were found mainly in auditory/salience and medial visual networks.,Randomized-trial evidence,RCT,10.1016/j.neuroimage.2011.02.034,Mindfulness-Based Stress Reduction (MBSR),N,Stress & Anxiety,,N,
/mom-meditation-microsite/research/impact-of-mindfulness-based-stress-reduction-training-on-intrinsic-bra/,"Relative to findings in the control group, MBSR subjects showed (1) increased functional connectivity within auditory and visual networks, (2) increased functional connectivity between auditory cortex and areas associated with attentional and self-referential processes, (3) stronger anticorrelation between auditory and visual cortex, and (4) stronger anticorrelation between visual cortex and areas",Randomized-trial evidence,RCT,10.1016/j.neuroimage.2011.02.034,Mindfulness-Based Stress Reduction (MBSR),N,Stress & Anxiety,,N,
/mom-meditation-microsite/research/impact-of-mindfulness-based-stress-reduction-training-on-intrinsic-bra/,"These findings suggest that 8 weeks of mindfulness meditation training alters intrinsic functional connectivity in ways that may reflect a more consistent attentional focus, enhanced sensory processing, and reflective awareness of sensory experience.",Randomized-trial evidence,RCT,10.1016/j.neuroimage.2011.02.034,Mindfulness-Based Stress Reduction (MBSR),N,Stress & Anxiety,,N,
/mom-meditation-microsite/research/impact-of-short-and-long-term-mindfulness-meditation-training-on-amygd/,"Meditation training was associated with less amygdala reactivity to positive pictures relative to controls, but there were no group differences in response to negative pictures.",Randomized-trial evidence,RCT,10.1016/j.neuroimage.2018.07.013,Mindfulness-Based Stress Reduction (MBSR),N,Stress & Anxiety,,N,
/mom-meditation-microsite/research/impact-of-short-and-long-term-mindfulness-meditation-training-on-amygd/,"Reductions in reactivity to negative stimuli may require more practice experience or concentrated practice, as hours of retreat practice in long-term meditators was associated with lower amygdala reactivity to negative pictures - yet we did not see this relationship for practice time with MBSR.",Randomized-trial evidence,RCT,10.1016/j.neuroimage.2018.07.013,Mindfulness-Based Stress Reduction (MBSR),N,Stress & Anxiety,,N,
/mom-meditation-microsite/research/improving-stress-management-anxiety-and-mental-well-being-in-medical-s/,"Pressures and responsibilities of medical school put a strain on medical student's personal wellbeing, leading among all to high rates of anxiety, emotional discomfort and stress.",Randomized-trial evidence,RCT,10.1038/s41598-023-35483-z,yoga,N,Focus & Attention,,N,
/mom-meditation-microsite/research/improving-stress-management-anxiety-and-mental-well-being-in-medical-s/,In this work we evaluated the effectiveness of a comprehensive Mindfulness-Based Intervention (MBI) in reducing this load.,Randomized-trial evidence,RCT,10.1038/s41598-023-35483-z,yoga,N,Focus & Attention,,N,
/mom-meditation-microsite/research/investigation-of-mindfulness-meditation-practitioners-with-voxel-based/,Both regions have previously been found to be involved in meditation.,Mechanistic / observational evidence,Cross-sectional / Mechanistic,10.1093/scan/nsm038,Vipassana,N,Brain & Mechanisms,,N,
/mom-meditation-microsite/research/investigation-of-mindfulness-meditation-practitioners-with-voxel-based/,Results suggest that meditation practice is associated with structural differences in regions that are typically activated during meditation and in regions that are relevant for the task of meditation.,Mechanistic / observational evidence,Cross-sectional / Mechanistic,10.1093/scan/nsm038,Vipassana,N,Brain & Mechanisms,,N,
/mom-meditation-microsite/research/isha-yoga-practices-vegan-diet-and-participation-in-samyama-meditation/,Growing evidence suggests a role for gut bacteria and their metabolites in host-signaling responses along the gut-brain axis which may impact mental health.,Mechanistic / observational evidence,Cross-sectional / Mechanistic,10.1186/s12906-023-03935-8,Isha Samyama,adjacent,Stress & Anxiety,,Y,
/mom-meditation-microsite/research/isha-yoga-practices-vegan-diet-and-participation-in-samyama-meditation/,"Alpha diversity showed no significant differences between meditators and controls, while beta diversity showed significant changes (padj = 0.001) after Samyama in meditators' microbiota composition.",Mechanistic / observational evidence,Cross-sectional / Mechanistic,10.1186/s12906-023-03935-8,Isha Samyama,adjacent,Stress & Anxiety,,Y,
/mom-meditation-microsite/research/large-scale-genomic-study-reveals-robust-activation-of-the-immune-syst/,"We found the response to oxidative stress, detoxification, and cell cycle regulation pathways were down-regulated after meditation.",Mechanistic / observational evidence,Cross-sectional / Mechanistic,10.1073/pnas.2110455118,Isha Inner Engineering,adjacent,Stress & Anxiety,,Y,
/mom-meditation-microsite/research/large-scale-genomic-study-reveals-robust-activation-of-the-immune-syst/,"Strikingly, 220 genes directly associated with immune response, including 68 genes related to interferon signaling, were up-regulated, with no significant expression changes in the inflammatory genes.",Mechanistic / observational evidence,Cross-sectional / Mechanistic,10.1073/pnas.2110455118,Isha Inner Engineering,adjacent,Stress & Anxiety,,Y,
/mom-meditation-microsite/research/large-scale-genomic-study-reveals-robust-activation-of-the-immune-syst/,The work provides a foundation for understanding the effect of meditation and suggests that meditation as a behavioral intervention can voluntarily and nonpharmacologically improve the immune response for treating various conditions associated with excessive or persistent inflammation with a dampened immune system profile.,Mechanistic / observational evidence,Cross-sectional / Mechanistic,10.1073/pnas.2110455118,Isha Inner Engineering,adjacent,Stress & Anxiety,,Y,
/mom-meditation-microsite/research/mechanisms-of-mindfulness-emotion-regulation-following-a-focused-breat/,"The current study investigated whether a 15 min recorded focused breathing induction in a normal, primarily undergraduate population would decrease the intensity and negativity of emotional responses to affectively valenced picture slides and increase willingness to remain in contact with aversive picture slides.",Randomized-trial evidence,RCT,10.1016/j.brat.2005.12.007,breath-and-attention meditation,adjacent,Emotional Wellbeing,,N,
/mom-meditation-microsite/research/mechanisms-of-mindfulness-emotion-regulation-following-a-focused-breat/,The effects of the focused breathing induction were compared with the effects of 15 min recorded inductions of unfocused attention and worrying.,Randomized-trial evidence,RCT,10.1016/j.brat.2005.12.007,breath-and-attention meditation,adjacent,Emotional Wellbeing,,N,
/mom-meditation-microsite/research/meditation-and-yoga-for-irritable-bowel-syndrome-a-randomized-clinical/,"The evidence for efficacy, feasibility, and safety of virtually delivered yoga for patients with IBS is unknown.",Randomized-trial evidence,RCT,10.14309/ajg.0000000000002052,yoga,N,Stress & Anxiety,,N,
/mom-meditation-microsite/research/meditation-and-yoga-for-irritable-bowel-syndrome-a-randomized-clinical/,"No significant difference was found between groups in IBS-SSS score postintervention ( P = 0.149), but significant differences in favor of the treatment group for quality of life ( P = 0.030), fatigue ( P = 0.035), and perceived stress ( P = 0.040) were identified.",Randomized-trial evidence,RCT,10.14309/ajg.0000000000002052,yoga,N,Stress & Anxiety,,N,
/mom-meditation-microsite/research/meditation-programs-for-psychological-stress-and-well-being-a-systemat/,"Mindfulness meditation programs had moderate evidence of improved anxiety (effect size, 0.38 [95% CI, 0.12-0.64] at 8 weeks and 0.22 [0.02-0.43] at 3-6 months), depression (0.30 [0.00-0.59] at 8 weeks and 0.23 [0.05-0.42] at 3-6 months), and pain (0.33 [0.03- 0.62]) and low evidence of improved stress/distress and mental health-related quality of life.",Meta-analytic evidence,Meta-analysis / Systematic review,10.1001/jamainternmed.2013.13018,mindfulness / meditation,N,Stress & Anxiety,null/mixed (F12-verified),N,
/mom-meditation-microsite/research/meditation-programs-for-psychological-stress-and-well-being-a-systemat/,"We found low evidence of no effect or insufficient evidence of any effect of meditation programs on positive mood, attention, substance use, eating habits, sleep, and weight.",Meta-analytic evidence,Meta-analysis / Systematic review,10.1001/jamainternmed.2013.13018,mindfulness / meditation,N,Stress & Anxiety,null/mixed (F12-verified),N,
/mom-meditation-microsite/research/meditation-programs-for-psychological-stress-and-well-being-a-systemat/,"We found no evidence that meditation programs were better than any active treatment (ie, drugs, exercise, and other behavioral therapies).",Meta-analytic evidence,Meta-analysis / Systematic review,10.1001/jamainternmed.2013.13018,mindfulness / meditation,N,Stress & Anxiety,null/mixed (F12-verified),N,
/mom-meditation-microsite/research/meta-analytic-evidence-that-mindfulness-training-alters-resting-state-/,"This meta-analysis sought to expand upon neurobiological models of mindfulness through investigation of inherent brain network connectivity outcomes, indexed via resting state functional connectivity (rsFC).",Meta-analytic evidence,Meta-analysis / Systematic review,10.1038/s41598-022-15195-6,mindfulness / meditation,N,Brain & Mechanisms,,N,
/mom-meditation-microsite/research/meta-analytic-evidence-that-mindfulness-training-alters-resting-state-/,"We conducted a systematic review and meta-analysis of rsFC as an outcome of mindfulness training (MT) relative to control, with the hypothesis that MT would increase cross-network connectivity between nodes of the Default Mode Network (DMN), Salience Network (SN), and Frontoparietal Control Network (FPCN) as a mechanism of internally-oriented attentional control.",Meta-analytic evidence,Meta-analysis / Systematic review,10.1038/s41598-022-15195-6,mindfulness / meditation,N,Brain & Mechanisms,,N,
/mom-meditation-microsite/research/mind-the-hype-a-critical-evaluation-and-prescriptive-agenda-for-resear/,"During the past two decades, mindfulness meditation has gone from being a fringe topic of scientific investigation to being an occasional replacement for psychotherapy, tool of corporate well-being, widely implemented educational practice, and ""key to building more resilient soldiers."" Yet the mindfulness movement and empirical evidence supporting it have not gone without criticism.",Meta-analytic evidence,Meta-analysis / Systematic review,10.1177/1745691617709589,mindfulness / meditation,N,Brain & Mechanisms,field-methodology critique,N,
/mom-meditation-microsite/research/mind-the-hype-a-critical-evaluation-and-prescriptive-agenda-for-resear/,"Misinformation and poor methodology associated with past studies of mindfulness may lead public consumers to be harmed, misled, and disappointed.",Meta-analytic evidence,Meta-analysis / Systematic review,10.1177/1745691617709589,mindfulness / meditation,N,Brain & Mechanisms,field-methodology critique,N,
/mom-meditation-microsite/research/mindful-attention-to-breath-regulates-emotions-via-increased-amygdala-/,(2) Left dorso-medial prefrontal cortex was associated with ATB in general.,Randomized-trial evidence,RCT,10.1016/j.neuroimage.2016.03.041,breath-and-attention meditation,adjacent,Brain & Mechanisms,,N,
/mom-meditation-microsite/research/mindful-attention-to-breath-regulates-emotions-via-increased-amygdala-/,"(4) ATB down regulated amygdala activation and increased amygdala-prefrontal integration, with such increased integration being associated with mindfulness ability.",Randomized-trial evidence,RCT,10.1016/j.neuroimage.2016.03.041,breath-and-attention meditation,adjacent,Brain & Mechanisms,,N,
/mom-meditation-microsite/research/mindful-attention-to-breath-regulates-emotions-via-increased-amygdala-/,Results suggest amygdala-dorsal prefrontal cortex integration as a potential neural pathway of emotion regulation by mindfulness practice.,Randomized-trial evidence,RCT,10.1016/j.neuroimage.2016.03.041,breath-and-attention meditation,adjacent,Brain & Mechanisms,,N,
/mom-meditation-microsite/research/mindfulness-based-interventions-for-psychiatric-disorders-a-systematic/,Mindfulness conditions did not differ from minimal treatment conditions (d=0.38) and evidence-based treatments (d=0.09).,Meta-analytic evidence,Meta-analysis / Systematic review,10.1016/j.cpr.2017.10.011,mindfulness / meditation,N,Emotional Wellbeing,,N,
/mom-meditation-microsite/research/mindfulness-based-interventions-for-psychiatric-disorders-a-systematic/,"Effects on specific disorder subgroups showed the most consistent evidence in support of mindfulness for depression, pain conditions, smoking, and addictive disorders.",Meta-analytic evidence,Meta-analysis / Systematic review,10.1016/j.cpr.2017.10.011,mindfulness / meditation,N,Emotional Wellbeing,,N,
/mom-meditation-microsite/research/mindfulness-based-interventions-for-psychiatric-disorders-a-systematic/,Results support the notion that mindfulness-based interventions hold promise as evidence-based treatments.,Meta-analytic evidence,Meta-analysis / Systematic review,10.1016/j.cpr.2017.10.011,mindfulness / meditation,N,Emotional Wellbeing,,N,
/mom-meditation-microsite/research/mindfulness-based-stress-reduction-for-healthy-individuals-a-meta-anal/,"Effect-size estimates suggested that MBSR is moderately effective in pre-post analyses (n=26; Hedge's g=.55; 95% CI [.44, .66], p<.00001) and in between group analyses (n=18; Hedge's g=.53; 95% CI [.41, .64], p<.00001).",Meta-analytic evidence,Meta-analysis / Systematic review,10.1016/j.jpsychores.2015.03.009,Mindfulness-Based Stress Reduction (MBSR),N,Emotional Wellbeing,,N,
/mom-meditation-microsite/research/mindfulness-based-stress-reduction-for-healthy-individuals-a-meta-anal/,"Results suggested large effects on stress, moderate effects on anxiety, depression, distress, and quality of life, and small effects on burnout.",Meta-analytic evidence,Meta-analysis / Systematic review,10.1016/j.jpsychores.2015.03.009,Mindfulness-Based Stress Reduction (MBSR),N,Emotional Wellbeing,,N,
/mom-meditation-microsite/research/mindfulness-based-stress-reduction-for-stress-management-in-healthy-pe/,"The aim of the present review and meta-analysis is to better investigate current evidence about the efficacy of MBSR in healthy subjects, with a particular focus on its benefits for stress reduction.",Meta-analytic evidence,Meta-analysis / Systematic review,10.1089/acm.2008.0495,Mindfulness-Based Stress Reduction (MBSR),N,Focus & Attention,,N,
/mom-meditation-microsite/research/mindfulness-based-stress-reduction-for-stress-management-in-healthy-pe/,A direct comparison study between MBSR and standard relaxation training found that both treatments were equally able to reduce stress.,Meta-analytic evidence,Meta-analysis / Systematic review,10.1089/acm.2008.0495,Mindfulness-Based Stress Reduction (MBSR),N,Focus & Attention,,N,
/mom-meditation-microsite/research/mindfulness-based-stress-reduction-for-stress-management-in-healthy-pe/,"However, important limitations of the included studies as well as the paucity of evidence about possible specific effects of MBSR in comparison to other nonspecific treatments underline the necessity of further research.",Meta-analytic evidence,Meta-analysis / Systematic review,10.1089/acm.2008.0495,Mindfulness-Based Stress Reduction (MBSR),N,Focus & Attention,,N,
/mom-meditation-microsite/research/mindfulness-based-stress-reduction-in-post-treatment-breast-cancer-pat/,"From baseline to six weeks, the model demonstrated evidence of MBSR(BC) effectiveness in both the psychological (anxiety, depression, perceived stress and QOL, emotional well-being) (P = 0.007) and fatigue (fatigue, sleep, and drowsiness) (P < 0.001) clusters.",Randomized-trial evidence,RCT,10.1016/j.jpainsymman.2016.08.005,Mindfulness-Based Stress Reduction (MBSR),adjacent,Stress & Anxiety,,N,
/mom-meditation-microsite/research/mindfulness-based-stress-reduction-in-post-treatment-breast-cancer-pat/,"Our results provide clinical effectiveness evidence that MBSR(BC) works to improve symptom clusters, particularly for psychological and fatigue symptom clusters, with the greatest improvement occurring during the six-week program with sustained effects for several weeks after MBSR(BC) training.",Randomized-trial evidence,RCT,10.1016/j.jpainsymman.2016.08.005,Mindfulness-Based Stress Reduction (MBSR),adjacent,Stress & Anxiety,,N,
/mom-meditation-microsite/research/mindfulness-based-therapy-a-comprehensive-meta-analysis/,"Effect-size estimates suggested that MBT is moderately effective in pre-post comparisons (n=72; Hedge's g=.55), in comparisons with waitlist controls (n=67; Hedge's g=.53), and when compared with other active treatments (n=68; Hedge's g=.33), including other psychological treatments (n=35; Hedge's g=.22).",Meta-analytic evidence,Meta-analysis / Systematic review,10.1016/j.cpr.2013.05.005,mindfulness / meditation,N,Emotional Wellbeing,,N,
/mom-meditation-microsite/research/mindfulness-for-smoking-cessation/,"However, the evidence was of low and very low certainty due to risk of bias, inconsistency, and imprecision, meaning future evidence may very likely change our interpretation of the results.",Meta-analytic evidence,Meta-analysis / Systematic review,10.1002/14651858.CD013696.pub2,yoga,N,Focus & Attention,,N,
/mom-meditation-microsite/research/mindfulness-interventions/,"This article evaluates the growing evidence of mindfulness intervention RCTs by reviewing and discussing (a) the effects of mindfulness interventions on health, cognitive, affective, and interpersonal outcomes; (b) evidence-based applications of mindfulness interventions to new settings and populations (e.g., the workplace, military, schools); (c) psychological and neurobiological mechanisms of mi",Randomized-trial evidence,RCT,10.1146/annurev-psych-042716-051139,mindfulness / meditation,N,Focus & Attention,,N,
/mom-meditation-microsite/research/mindfulness-meditation-and-network-neuroscience-review-synthesis-and-f/,"Although preliminary, results across studies suggest that mindfulness meditation results in a shift in connector hubs, such as the anterior cingulate cortex, the thalamus, and the mid-insula.",Randomized-trial evidence,RCT,10.1016/j.bpsc.2024.11.005,mindfulness / meditation,N,Brain & Mechanisms,,N,
/mom-meditation-microsite/research/mindfulness-meditation-and-network-neuroscience-review-synthesis-and-f/,"Although there is mixed evidence regarding the impact of mindfulness training on global metrics of connectivity, the default mode network exhibits reduced intraconnectivity following mindfulness training.",Randomized-trial evidence,RCT,10.1016/j.bpsc.2024.11.005,mindfulness / meditation,N,Brain & Mechanisms,,N,
/mom-meditation-microsite/research/mindfulness-meditation-and-the-immune-system-a-systematic-review-of-ra/,"The findings suggest possible effects of mindfulness meditation on specific markers of inflammation, cell-mediated immunity, and biological aging, but these results are tentative and require further replication.",Meta-analytic evidence,Meta-analysis / Systematic review,10.1111/nyas.12998,mindfulness / meditation,N,Emotional Wellbeing,,N,
/mom-meditation-microsite/research/mindfulness-meditation-and-the-immune-system-a-systematic-review-of-ra/,"On the basis of this analysis, we describe the limitations of existing work and suggest possible avenues for future research.",Meta-analytic evidence,Meta-analysis / Systematic review,10.1111/nyas.12998,mindfulness / meditation,N,Emotional Wellbeing,,N,
/mom-meditation-microsite/research/mindfulness-meditation-improves-emotion-regulation-and-reduces-drug-ab/,"In both smokers and nonsmokers, improved self-control abilities in emotion regulation and stress reduction were found after training and these changes were related to increased ACC/mPFC activity following training.",Randomized-trial evidence,RCT,10.1016/j.drugalcdep.2015.11.041,mindfulness / meditation,N,Brain & Mechanisms,,N,
/mom-meditation-microsite/research/mindfulness-meditation-improves-emotion-regulation-and-reduces-drug-ab/,These results indicate that promoting emotion regulation and improving ACC/mPFC brain activity can help for addiction prevention and treatment.,Randomized-trial evidence,RCT,10.1016/j.drugalcdep.2015.11.041,mindfulness / meditation,N,Brain & Mechanisms,,N,
/mom-meditation-microsite/research/mindfulness-meditation-training-alters-stress-related-amygdala-resting/,"Recent studies indicate that mindfulness meditation training interventions reduce stress and improve stress-related health outcomes, but the neural pathways for these effects are unknown.",Randomized-trial evidence,RCT,10.1093/scan/nsv066,mindfulness / meditation,N,Brief & App-Based Practice,,N,
/mom-meditation-microsite/research/mindfulness-meditation-training-alters-stress-related-amygdala-resting/,We show in an initial discovery study that higher perceived stress over the past month is associated with greater bilateral amygdala-subgenual anterior cingulate cortex (sgACC) rsFC in a sample of community adults (n = 130).,Randomized-trial evidence,RCT,10.1093/scan/nsv066,mindfulness / meditation,N,Brief & App-Based Practice,,N,
/mom-meditation-microsite/research/mindfulness-meditation-training-alters-stress-related-amygdala-resting/,"This work provides an initial indication that mindfulness meditation training promotes functional neuroplastic changes, suggesting an amygdala-sgACC pathway for stress reduction effects.",Randomized-trial evidence,RCT,10.1093/scan/nsv066,mindfulness / meditation,N,Brief & App-Based Practice,,N,
/mom-meditation-microsite/research/mindfulness-training-improves-working-memory-capacity-and-gre-performa/,"Our results suggest that cultivating mindfulness is an effective and efficient technique for improving cognitive function, with wide-reaching consequences.",Randomized-trial evidence,RCT,10.1177/0956797612459659,mindfulness / meditation,N,Focus & Attention,,N,
/mom-meditation-microsite/research/online-guided-meditation-training-isha-kriya-improves-self-reported-sy/,These findings suggest that daily Isha Kriya practice could alleviate symptoms of these conditions.,Randomized-trial evidence,RCT,10.3389/fpsyt.2022.944973,Isha Kriya,adjacent,Stress & Anxiety,,Y,
/mom-meditation-microsite/research/online-isha-upa-yoga-for-student-mental-health-and-well-being-during-c/,College students experienced increased stress and anxiety during the COVID-19 pandemic.,Randomized-trial evidence,RCT,10.1111/aphw.12341,yoga,adjacent,Stress & Anxiety,,Y,
/mom-meditation-microsite/research/online-isha-upa-yoga-for-student-mental-health-and-well-being-during-c/,This study evaluated the effect of brief online Isha Upa Yoga modules on undergraduates' mental health and well-being.,Randomized-trial evidence,RCT,10.1111/aphw.12341,yoga,adjacent,Stress & Anxiety,,Y,
/mom-meditation-microsite/research/physical-and-psychosocial-benefits-of-yoga-in-cancer-patients-and-surv/,This study aimed to systematically review the evidence from randomized controlled trials (RCTs) and to conduct a meta-analysis of the effects of yoga on physical and psychosocial outcomes in cancer patients and survivors.,Meta-analytic evidence,Meta-analysis / Systematic review,10.1186/1471-2407-12-559,yoga,N,Stress & Anxiety,,N,
/mom-meditation-microsite/research/physical-and-psychosocial-benefits-of-yoga-in-cancer-patients-and-surv/,"Of the outcomes studied in more than three studies among patients with breast cancer, we found large reductions in distress, anxiety, and depression (d = -0.69 to -0.75), moderate reductions in fatigue (d = -0.51), moderate increases in general quality of life, emotional function and social function (d = 0.33 to 0.49), and a small increase in functional well-being (d = 0.31).",Meta-analytic evidence,Meta-analysis / Systematic review,10.1186/1471-2407-12-559,yoga,N,Stress & Anxiety,,N,
/mom-meditation-microsite/research/physical-and-psychosocial-benefits-of-yoga-in-cancer-patients-and-surv/,Yoga appeared to be a feasible intervention and beneficial effects on several physical and psychosocial symptoms were reported.,Meta-analytic evidence,Meta-analysis / Systematic review,10.1186/1471-2407-12-559,yoga,N,Stress & Anxiety,,N,
/mom-meditation-microsite/research/physiology-of-long-pranayamic-breathing-neural-respiratory-elements-ma/,Both inhibitory impulses and hyperpolarization current are known to synchronize neural elements leading to the modulation of the nervous system and decreased metabolic activity indicative of the parasympathetic state.,Mechanistic / observational evidence,Cross-sectional / Mechanistic,10.1016/j.mehy.2006.02.042,pranayama (yogic breathing),adjacent,Brain & Mechanisms,,N,
/mom-meditation-microsite/research/psychological-and-mind-body-interventions-for-endometriosis-a-systemat/,"This review examines the evidence for psychological and mind-body (PMB) interventions to improve endometriosis pain, psychological distress, sleep and fatigue.",Meta-analytic evidence,Meta-analysis / Systematic review,10.1016/j.jpsychores.2019.109756,yoga,N,Sleep,,N,
/mom-meditation-microsite/research/psychological-and-mind-body-interventions-for-endometriosis-a-systemat/,"Results indicate that no studies have yet used gold-standard methodology and, thus, definitive conclusions cannot be offered about PMB efficacy.",Meta-analytic evidence,Meta-analysis / Systematic review,10.1016/j.jpsychores.2019.109756,yoga,N,Sleep,,N,
/mom-meditation-microsite/research/psychological-and-mind-body-interventions-for-endometriosis-a-systemat/,"However, the results of these pilot studies suggest that PMB interventions show promise in alleviating pain, anxiety, depression, stress and fatigue in women with endometriosis, and future well-designed RCTs including active control groups are warranted.",Meta-analytic evidence,Meta-analysis / Systematic review,10.1016/j.jpsychores.2019.109756,yoga,N,Sleep,,N,
/mom-meditation-microsite/research/randomised-controlled-trial-of-yoga-and-bio-feedback-in-management-of-/,34 hypertensive patients were assigned at random either to six weeks' treatment by yoga relaxation methods with bio-feedback or to placebo therapy (general relaxation).,Randomized-trial evidence,RCT,10.1016/s0140-6736(75)90002-1,yoga,N,Clinical Research,,N,
/mom-meditation-microsite/research/randomised-controlled-trial-of-yoga-and-bio-feedback-in-management-of-/,Both groups showed a reduction in blood-pressure (from 168/100 to 141/84 mm.,Randomized-trial evidence,RCT,10.1016/s0140-6736(75)90002-1,yoga,N,Clinical Research,,N,
/mom-meditation-microsite/research/reducing-stress-with-yoga-a-systematic-review-based-on-multimodal-bios/,The multifaceted character of stress and the extensive research undertaken in this field indicate that the proposed approach would rely on multiple modalities.,Meta-analytic evidence,Meta-analysis / Systematic review,10.4103/ijoy.ijoy_218_23,yoga,N,Focus & Attention,,N,
/mom-meditation-microsite/research/research-review-the-effects-of-mindfulness-based-interventions-on-cogn/,"Mindfulness based interventions (MBIs) are an increasingly popular way of attempting to improve the behavioural, cognitive and mental health outcomes of children and adolescents, though there is a suggestion that enthusiasm has moved ahead of the evidence base.",Meta-analytic evidence,Meta-analysis / Systematic review,10.1111/jcpp.12980,mindfulness / meditation,N,Focus & Attention,,N,
/mom-meditation-microsite/research/research-review-the-effects-of-mindfulness-based-interventions-on-cogn/,"Across all RCTs we found significant positive effects of MBIs, relative to controls, for the outcome categories of Mindfulness, Executive Functioning, Attention, Depression, Anxiety/Stress and Negative Behaviours, with small effect sizes (Cohen's d), ranging from .16 to .30.",Meta-analytic evidence,Meta-analysis / Systematic review,10.1111/jcpp.12980,mindfulness / meditation,N,Focus & Attention,,N,
/mom-meditation-microsite/research/slow-breathing-for-reducing-stress-the-effect-of-extending-exhale/,Slow breathing techniques are commonly used to reduce stress.,Randomized-trial evidence,RCT,10.1016/j.ctim.2023.102937,yoga,adjacent,Stress & Anxiety,,N,
/mom-meditation-microsite/research/slow-breathing-for-reducing-stress-the-effect-of-extending-exhale/,"While it is believed by mind-body practitioners that extending the exhale time relative to inhale increases relaxation, this has not been demonstrated.",Randomized-trial evidence,RCT,10.1016/j.ctim.2023.102937,yoga,adjacent,Stress & Anxiety,,N,
/mom-meditation-microsite/research/the-clinical-efficacy-of-mindfulness-based-treatments-for-alcohol-and-/,"Large effect sizes were associated to levels of perceived craving, negative affectivity, and post-traumatic symptoms.",Meta-analytic evidence,Meta-analysis / Systematic review,10.1159/000490762,mindfulness / meditation,N,Stress & Anxiety,,N,
/mom-meditation-microsite/research/the-effect-of-mindfulness-based-programs-on-cognitive-function-in-adul/,Mindfulness-based programs (MBPs) are increasingly utilized to improve mental health.,Meta-analytic evidence,Meta-analysis / Systematic review,10.1007/s11065-021-09519-y,mindfulness / meditation,N,Focus & Attention,,N,
/mom-meditation-microsite/research/the-effect-of-mindfulness-based-programs-on-cognitive-function-in-adul/,Interest in the putative effects of MBPs on cognitive function is also growing.,Meta-analytic evidence,Meta-analysis / Systematic review,10.1007/s11065-021-09519-y,mindfulness / meditation,N,Focus & Attention,,N,
/mom-meditation-microsite/research/the-effect-of-yoga-on-sleep-quality-and-insomnia-in-women-with-sleep-p/,Four RCTs revealed no evidence for the effects of yoga compared with the control group in improving the sleep quality for peri/postmenopausal women using PSQI (SMD = - 0.31; 95% CI = - 0.95 to 0.33; P = 0.34).,Meta-analytic evidence,Meta-analysis / Systematic review,10.1186/s12888-020-02566-4,yoga,N,Sleep,,N,
/mom-meditation-microsite/research/the-effect-of-yoga-on-sleep-quality-and-insomnia-in-women-with-sleep-p/,Yoga was not associated with any serious adverse events.,Meta-analytic evidence,Meta-analysis / Systematic review,10.1186/s12888-020-02566-4,yoga,N,Sleep,,N,
/mom-meditation-microsite/research/the-effect-of-yoga-on-sleep-quality-and-insomnia-in-women-with-sleep-p/,"The moderator analyses suggest that participants in the non-breast cancer subgroup and participants in the non-peri/postmenopausal subgroup were associated with greater benefits, with a direct correlation of total class time with quality of sleep among other related benefits.",Meta-analytic evidence,Meta-analysis / Systematic review,10.1186/s12888-020-02566-4,yoga,N,Sleep,,N,
/mom-meditation-microsite/research/the-effectiveness-of-mindfulness-based-programs-in-reducing-stress-exp/,"Nurse-to-nurse lateral violence leads to negative workplace relationships and disrupts team performance, creating an environment where poor patient outcomes, burnout and high staff turnover rates are prevalent.Work-related stressors have been indicated as a potential cause of lateral violence.",Meta-analytic evidence,Meta-analysis / Systematic review,10.11124/jbisrir-2015-2380,Mindfulness-Based Stress Reduction (MBSR),N,Focus & Attention,,N,
/mom-meditation-microsite/research/the-effectiveness-of-mindfulness-based-programs-in-reducing-stress-exp/,A survey conducted by Reineck & Furino indicated that registered nurses had a very high regard for the intrinsic rewards of their profession but that they identified workplace relationships and stress issues as some of the most important contributors to their frustration and exhaustion.,Meta-analytic evidence,Meta-analysis / Systematic review,10.11124/jbisrir-2015-2380,Mindfulness-Based Stress Reduction (MBSR),N,Focus & Attention,,N,
/mom-meditation-microsite/research/the-effectiveness-of-mindfulness-based-programs-in-reducing-stress-exp/,"Hence, the objective of this systematic review is to evaluate the best research evidence available pertaining to mindfulness-based programs and their effectiveness in reducing perceived stress among nurses.",Meta-analytic evidence,Meta-analysis / Systematic review,10.11124/jbisrir-2015-2380,Mindfulness-Based Stress Reduction (MBSR),N,Focus & Attention,,N,
/mom-meditation-microsite/research/the-effects-of-mindfulness-meditation-on-nursing-students-stress-and-a/,The aim of this study was to evaluate the effects of a virtual mindfulness meditation intervention on stress and anxiety levels of 145 nursing students.,Randomized-trial evidence,RCT,10.1097/01.NEP.0000000000001159,mindfulness / meditation,N,Stress & Anxiety,,N,
/mom-meditation-microsite/research/the-effects-of-mindfulness-meditation-on-nursing-students-stress-and-a/,"Because of the twin demands of classroom and clinical workloads, nursing students experience greater amounts of stress and anxiety than the average college student.",Randomized-trial evidence,RCT,10.1097/01.NEP.0000000000001159,mindfulness / meditation,N,Stress & Anxiety,,N,
/mom-meditation-microsite/research/the-effects-of-yoga-compared-to-active-and-inactive-controls-on-physic/,"For HRQoL, significant effects favouring yoga were found compared to inactive controls for: depression (ES = 0.64), perceived mental health (ES = 0.6), perceived physical health (ES = 0.61), sleep quality (ES = 0.65), and vitality (ES = 0.31); compared to active controls: depression (ES = 0.54).",Meta-analytic evidence,Meta-analysis / Systematic review,10.1186/s12966-019-0789-2,yoga,N,Sleep,,N,
/mom-meditation-microsite/research/the-effects-of-yoga-compared-to-active-and-inactive-controls-on-physic/,Results indicate that yoga interventions improve multiple physical function and HRQoL outcomes in this population compared to both control conditions.,Meta-analytic evidence,Meta-analysis / Systematic review,10.1186/s12966-019-0789-2,yoga,N,Sleep,,N,
/mom-meditation-microsite/research/the-effects-of-yoga-compared-to-active-and-inactive-controls-on-physic/,"This study provides robust evidence for promoting yoga in physical activity guidelines for older adults as a multimodal activity that improves aspects of fitness like strength, balance and flexibility, as well as mental wellbeing.",Meta-analytic evidence,Meta-analysis / Systematic review,10.1186/s12966-019-0789-2,yoga,N,Sleep,,N,
/mom-meditation-microsite/research/the-impact-of-mindfulness-meditation-on-the-wandering-mind-a-systemati/,"Through the practice of Mindfulness Meditation (MM), meditators become familiar with the observation of ongoing spontaneous thoughts, while maintaining an attitude of openness and equanimity.",Meta-analytic evidence,Meta-analysis / Systematic review,10.1016/j.neubiorev.2021.09.032,mindfulness / meditation,N,Brain & Mechanisms,,N,
/mom-meditation-microsite/research/the-impact-of-mindfulness-meditation-on-the-wandering-mind-a-systemati/,The aim of this systematic review is to present a synthesis of available findings of the short and long-term effects of MM on mind wandering (MW).,Meta-analytic evidence,Meta-analysis / Systematic review,10.1016/j.neubiorev.2021.09.032,mindfulness / meditation,N,Brain & Mechanisms,,N,
/mom-meditation-microsite/research/the-influence-of-mindfulness-meditation-combined-with-progressive-musc/,There were no significant differences in the baseline values of various parameters between the two groups.,Randomized-trial evidence,RCT,10.1186/s12906-024-04485-3,mindfulness / meditation,N,Brain & Mechanisms,,N,
/mom-meditation-microsite/research/the-meditative-mind-a-comprehensive-meta-analysis-of-mri-studies/,The large amount of data collected thus far allows drawing some conclusions about the neural effects of meditation practice.,Meta-analytic evidence,Meta-analysis / Systematic review,10.1155/2015/419808,yoga,N,Brain & Mechanisms,,N,
/mom-meditation-microsite/research/the-meditative-mind-a-comprehensive-meta-analysis-of-mri-studies/,"Results indicate that meditation leads to activation in brain areas involved in processing self-relevant information, self-regulation, focused problem-solving, adaptive behavior, and interoception.",Meta-analytic evidence,Meta-analysis / Systematic review,10.1155/2015/419808,yoga,N,Brain & Mechanisms,,N,
/mom-meditation-microsite/research/the-meditative-mind-a-comprehensive-meta-analysis-of-mri-studies/,These results demonstrate that a biological substrate underlies the positive pervasive effect of meditation practice and suggest that meditation techniques could be adopted in clinical populations and to prevent disease.,Meta-analytic evidence,Meta-analysis / Systematic review,10.1155/2015/419808,yoga,N,Brain & Mechanisms,,N,
/mom-meditation-microsite/research/the-potential-effects-of-meditation-on-age-related-cognitive-decline-a/,Growing evidence suggests that cognitive training programs may have the potential to counteract this decline.,Meta-analytic evidence,Meta-analysis / Systematic review,10.1111/nyas.12348,mindfulness / meditation,N,Focus & Attention,,N,
/mom-meditation-microsite/research/the-potential-effects-of-meditation-on-age-related-cognitive-decline-a/,"We conclude that meditation interventions for older adults are feasible, and preliminary evidence suggests that meditation can offset age-related cognitive decline.",Meta-analytic evidence,Meta-analysis / Systematic review,10.1111/nyas.12348,mindfulness / meditation,N,Focus & Attention,,N,
/mom-meditation-microsite/research/the-practice-of-hatha-yoga-for-the-treatment-of-pain-associated-with-e/,There was no significant difference between the two groups regarding the diary of menstrual patterns (p = 0.96).,Randomized-trial evidence,RCT,10.1089/acm.2015.0343,yoga,N,Emotional Wellbeing,,N,
/mom-meditation-microsite/research/the-practice-of-hatha-yoga-for-the-treatment-of-pain-associated-with-e/,Yoga practice was associated with a reduction in levels of chronic pelvic pain and an improvement in QoL in women with endometriosis.,Randomized-trial evidence,RCT,10.1089/acm.2015.0343,yoga,N,Emotional Wellbeing,,N,
/mom-meditation-microsite/research/yoga-and-cognition-a-meta-analysis-of-chronic-and-acute-effects/,Yoga practice seems to be associated with moderate improvements in cognitive function.,Meta-analytic evidence,Meta-analysis / Systematic review,10.1097/PSY.0000000000000218,yoga,N,Focus & Attention,,N,
/mom-meditation-microsite/research/yoga-and-heart-rate-variability-a-comprehensive-review-of-the-literatu/,The reviewed studies suggest that yoga can affect cardiac autonomic regulation with increased HRV and vagal dominance during yoga practices.,Randomized-trial evidence,RCT,10.4103/0973-6131.183712,yoga,N,Brain & Mechanisms,,N,
/mom-meditation-microsite/research/yoga-and-heart-rate-variability-a-comprehensive-review-of-the-literatu/,Regular yoga practitioners were also found to have increased vagal tone at rest compared to non-yoga practitioners.,Randomized-trial evidence,RCT,10.4103/0973-6131.183712,yoga,N,Brain & Mechanisms,,N,
/mom-meditation-microsite/research/yoga-and-heart-rate-variability-a-comprehensive-review-of-the-literatu/,"It is premature to draw any firm conclusions about yoga and HRV as most studies were of poor quality, with small sample sizes and insufficient reporting of study design and statistical methods.",Randomized-trial evidence,RCT,10.4103/0973-6131.183712,yoga,N,Brain & Mechanisms,,N,
/mom-meditation-microsite/research/yoga-as-a-therapeutic-approach-to-mental-health-in-university-students/,"The purpose of this study has been to analyze the efficacy of a yoga-based intervention on stress, emotional wellbeing, state anxiety and trait anxiety in university students.",Randomized-trial evidence,RCT,10.3389/fpubh.2024.1406937,yoga,N,Emotional Wellbeing,,N,
/mom-meditation-microsite/research/yoga-as-a-therapeutic-approach-to-mental-health-in-university-students/,This study was a randomized controlled trial.,Randomized-trial evidence,RCT,10.3389/fpubh.2024.1406937,yoga,N,Emotional Wellbeing,,N,
/mom-meditation-microsite/research/yoga-as-an-adjunctive-treatment-for-posttraumatic-stress-disorder-a-ra/,Yoga may improve the functioning of traumatized individuals by helping them to tolerate physical and sensory experiences associated with fear and helplessness and to increase emotional awareness and affect tolerance.,Randomized-trial evidence,RCT,10.4088/JCP.13m08561,yoga,N,Clinical Research,,N,
/mom-meditation-microsite/research/yoga-based-intervention-for-carpal-tunnel-syndrome-a-randomized-trial/,"The yoga group had significantly more improvement in Phalen sign (12 improved vs 2 in control group; P = .008), but no significant differences were found in sleep disturbance, Tinel sign, and median nerve motor and sensory conduction time.",Randomized-trial evidence,RCT,10.1001/jama.280.18.1601,yoga,N,Sleep,,N,
/mom-meditation-microsite/research/yoga-for-anxiety-a-systematic-review-and-meta-analysis-of-randomized-c/,Only three RCTs reported safety-related data but these indicated that yoga was not associated with increased injuries.,Meta-analytic evidence,Meta-analysis / Systematic review,10.1002/da.22762,yoga,N,Clinical Research,,N,
/mom-meditation-microsite/research/yoga-for-anxiety-a-systematic-review-and-meta-analysis-of-randomized-c/,"In conclusion, yoga might be an effective and safe intervention for individuals with elevated levels of anxiety.",Meta-analytic evidence,Meta-analysis / Systematic review,10.1002/da.22762,yoga,N,Clinical Research,,N,
/mom-meditation-microsite/research/yoga-for-anxiety-a-systematic-review-and-meta-analysis-of-randomized-c/,There was inconclusive evidence for effects of yoga in anxiety disorders.,Meta-analytic evidence,Meta-analysis / Systematic review,10.1002/da.22762,yoga,N,Clinical Research,,N,
/mom-meditation-microsite/research/yoga-for-breast-cancer-patients-and-survivors-a-systematic-review-and-/,"Short-term effects on psychological health also were found: anxiety (SMD = -1.51 [95% CI: -2.47; -0.55]; P < 0.01), depression (SMD = -1.59 [95% CI: -2.68 to -0.51]; P < 0.01), perceived stress (SMD = -1.14 [95% CI:-2.16; -0.12]; P = 0.03), and psychological distress (SMD = -0.86 [95% CI:-1.50; -0.22]; P < 0.01).",Meta-analytic evidence,Meta-analysis / Systematic review,10.1186/1471-2407-12-412,yoga,N,Stress & Anxiety,,N,
/mom-meditation-microsite/research/yoga-for-breast-cancer-patients-and-survivors-a-systematic-review-and-/,Subgroup analyses revealed evidence of efficacy only for yoga during active cancer treatment but not after completion of active treatment.,Meta-analytic evidence,Meta-analysis / Systematic review,10.1186/1471-2407-12-412,yoga,N,Stress & Anxiety,,N,
/mom-meditation-microsite/research/yoga-for-breast-cancer-patients-and-survivors-a-systematic-review-and-/,This systematic review found evidence for short-term effects of yoga in improving psychological health in breast cancer patients.,Meta-analytic evidence,Meta-analysis / Systematic review,10.1186/1471-2407-12-412,yoga,N,Stress & Anxiety,,N,
/mom-meditation-microsite/research/yoga-for-chronic-non-specific-low-back-pain/,"Low-certainty evidence from five trials showed that there was little or no difference between yoga and exercise in the risk of adverse events at six to 12 months (RR 0.93, 95% CI 0.56 to 1.53; 84/1000 with yoga and 91/1000 with non-yoga exercise; 640 participants).",Meta-analytic evidence,Meta-analysis / Systematic review,10.1002/14651858.CD010671.pub3,Qigong,N,Emotional Wellbeing,,N,
/mom-meditation-microsite/research/yoga-for-chronic-non-specific-low-back-pain/,There is low- to moderate-certainty evidence that yoga compared to no exercise results in small and clinically unimportant improvements in back-related function and pain.,Meta-analytic evidence,Meta-analysis / Systematic review,10.1002/14651858.CD010671.pub3,Qigong,N,Emotional Wellbeing,,N,
/mom-meditation-microsite/research/yoga-for-chronic-non-specific-low-back-pain/,"Yoga is associated with more adverse events than no exercise, but may have the same risk of adverse events as other exercise.",Meta-analytic evidence,Meta-analysis / Systematic review,10.1002/14651858.CD010671.pub3,Qigong,N,Emotional Wellbeing,,N,
/mom-meditation-microsite/research/yoga-for-depression-a-systematic-review-and-meta-analysis/,"Regarding severity of depression, there was moderate evidence for short-term effects of yoga compared to usual care (standardized mean difference (SMD) = -0.69; 95% confidence interval (CI) -0.99, -0.39; P < .001), and limited evidence compared to relaxation (SMD = -0.62; 95%CI -1.03, -0.22; P = .003), and aerobic exercise (SMD = -0.59; 95% CI -0.99, -0.18; P = .004).",Meta-analytic evidence,Meta-analysis / Systematic review,10.1002/da.22166,yoga,N,Clinical Research,,N,
/mom-meditation-microsite/research/yoga-for-depression-a-systematic-review-and-meta-analysis/,"Limited evidence was found for short-term effects of yoga on anxiety compared to relaxation (SMD = -0.79; 95% CI -1.3, -0.26; P = .004).",Meta-analytic evidence,Meta-analysis / Systematic review,10.1002/da.22166,yoga,N,Clinical Research,,N,
/mom-meditation-microsite/research/yoga-for-depression-a-systematic-review-and-meta-analysis/,Subgroup analyses revealed evidence for effects in patients with depressive disorders and in individuals with elevated levels of depression.,Meta-analytic evidence,Meta-analysis / Systematic review,10.1002/da.22166,yoga,N,Clinical Research,,N,
/mom-meditation-microsite/research/yoga-for-improving-health-related-quality-of-life-mental-health-and-ca/,"No trial adequately reported safety-related data.Three studies that compared yoga versus exercise presented very low-quality evidence showing no short-term effects on health-related quality of life (pooled SMD -0.04, 95% CI -0.30 to 0.23; three studies, 233 participants) or fatigue (pooled SMD -0.21, 95% CI -0.66 to 0.25; three studies, 233 participants); no trial provided safety-related data.",Meta-analytic evidence,Meta-analysis / Systematic review,10.1002/14651858.CD010802.pub2,yoga,adjacent,Sleep,,N,
/mom-meditation-microsite/research/yoga-for-improving-health-related-quality-of-life-mental-health-and-ca/,"Moderate-quality evidence supports the recommendation of yoga as a supportive intervention for improving health-related quality of life and reducing fatigue and sleep disturbances when compared with no therapy, as well as for reducing depression, anxiety and fatigue, when compared with psychosocial/educational interventions.",Meta-analytic evidence,Meta-analysis / Systematic review,10.1002/14651858.CD010802.pub2,yoga,adjacent,Sleep,,N,
/mom-meditation-microsite/research/yoga-for-improving-health-related-quality-of-life-mental-health-and-ca/,Very low-quality evidence suggests that yoga might be as effective as other exercise interventions and might be used as an alternative to other exercise programmes.,Meta-analytic evidence,Meta-analysis / Systematic review,10.1002/14651858.CD010802.pub2,yoga,adjacent,Sleep,,N,
/mom-meditation-microsite/research/yoga-for-treating-low-back-pain-a-systematic-review-and-meta-analysis/,"However, the evidence was judged to be of only low to moderate certainty.",Meta-analytic evidence,Meta-analysis / Systematic review,10.1097/j.pain.0000000000002416,yoga,N,Clinical Research,,N,
/mom-meditation-microsite/research/yoga-for-treating-low-back-pain-a-systematic-review-and-meta-analysis/,"Compared with passive control, yoga was associated with short-term improvements in pain intensity (15 RCTs; mean difference [MD] = -0.74 points on a numeric rating scale; 95% confidence interval [CI] = -1.04 to -0.44; standardized mean difference [SMD] = -0.37 95% CI = -0.52 to -0.22), pain-related disability (15 RCTs; MD = -2.28; 95% CI = -3.30 to -1.26; SMD = -0.38 95% CI = -0.55 to -0.21), ment",Meta-analytic evidence,Meta-analysis / Systematic review,10.1097/j.pain.0000000000002416,yoga,N,Clinical Research,,N,
/mom-meditation-microsite/research/yoga-for-treating-low-back-pain-a-systematic-review-and-meta-analysis/,"Compared with an active comparator, yoga was not associated with any significant differences in short-term or long-term outcomes.",Meta-analytic evidence,Meta-analysis / Systematic review,10.1097/j.pain.0000000000002416,yoga,N,Clinical Research,,N,
/mom-meditation-microsite/research/yoga-mindfulness-based-stress-reduction-and-stress-related-physiologic/,"Interventions that included yoga asanas were associated with reduced evening cortisol, waking cortisol, ambulatory systolic blood pressure, resting heart rate, high frequency heart rate variability, fasting blood glucose, cholesterol and low density lipoprotein, compared to active control.",Meta-analytic evidence,Meta-analysis / Systematic review,10.1016/j.psyneuen.2017.08.008,yoga,N,Clinical Research,,N,
/mom-meditation-microsite/research/yoga-mindfulness-based-stress-reduction-and-stress-related-physiologic/,Practices that include yoga asanas appear to be associated with improved regulation of the sympathetic nervous system and hypothalamic-pituitary-adrenal system in various populations.,Meta-analytic evidence,Meta-analysis / Systematic review,10.1016/j.psyneuen.2017.08.008,yoga,N,Clinical Research,,N,
/mom-meditation-microsite/research/yoga-nidra-for-hypertension-a-systematic-review-and-meta-analysis/,"The meta-analysis indicated that YN significantly reduced SBP (WMD = 12.03 mm Hg, 95% CI [7.12, 16.93], Z = 4.80, p < 0.00001) and DBP (WMD = 6.32 mm Hg, 95% CI [3.53, 9.12], Z = 4.43, p < 0.00001) compared to control groups.",Meta-analytic evidence,Meta-analysis / Systematic review,10.1016/j.jaim.2023.100882,Yoga Nidra,N,Brain & Mechanisms,,N,
/mom-meditation-microsite/research/yoga-nidra-for-hypertension-a-systematic-review-and-meta-analysis/,This systematic review and meta-analysis provides evidence supporting the efficacy of YN as a complementary therapy for hypertension management.,Meta-analytic evidence,Meta-analysis / Systematic review,10.1016/j.jaim.2023.100882,Yoga Nidra,N,Brain & Mechanisms,,N,
/mom-meditation-microsite/research/yoga-nidra-for-hypertension-a-systematic-review-and-meta-analysis/,"This meta-analysis suggests that YN is effective in reducing SBP and DBP, particularly in individuals with hypertension.",Meta-analytic evidence,Meta-analysis / Systematic review,10.1016/j.jaim.2023.100882,Yoga Nidra,N,Brain & Mechanisms,,N,
/mom-meditation-microsite/research/yoga-physical-therapy-or-education-for-chronic-low-back-pain-a-randomi/,"Yoga is effective for mild to moderate chronic low back pain (cLBP), but its comparative effectiveness with physical therapy (PT) is unknown.",Randomized-trial evidence,RCT,10.7326/M16-2579,yoga,N,Clinical Research,,N,
/mom-meditation-microsite/research/yoga-physical-therapy-or-education-for-chronic-low-back-pain-a-randomi/,"Moreover, little is known about yoga's effectiveness in underserved patients with more severe functional disability and pain.",Randomized-trial evidence,RCT,10.7326/M16-2579,yoga,N,Clinical Research,,N,
/mom-meditation-microsite/research/yoga-research-review/,The methods and results of those studies are briefly summarized along with their limitations and suggestions for future research.,Meta-analytic evidence,Meta-analysis / Systematic review,10.1016/j.ctcp.2016.06.005,yoga,N,Clinical Research,,N,
